date,Z,D,up5,dn5,lb2,lb3p,n,maxb
2016-01-04,10,1271,14,2392,0,0,2478,1
2016-01-05,55,48,171,711,7,0,2480,2
2016-01-06,127,1,400,2,11,4,2482,3
2016-01-07,5,1286,10,2431,2,1,2482,4
2016-01-08,86,9,313,97,1,1,2474,3
2016-01-11,11,1239,15,2041,5,0,2471,2
2016-01-12,34,100,127,242,1,2,2478,3
2016-01-13,9,161,14,965,0,0,2478,1
2016-01-14,119,8,796,17,3,0,2482,2
2016-01-15,12,67,33,1051,5,1,2485,3
2016-01-18,79,7,315,24,2,3,2472,4
2016-01-19,136,8,727,9,16,3,2480,4
2016-01-20,38,11,98,49,6,3,2487,3
2016-01-21,10,91,25,1075,1,1,2484,3
2016-01-22,52,12,191,33,2,1,2488,3
2016-01-25,67,11,176,19,9,2,2490,4
2016-01-26,9,997,17,2226,0,1,2487,5
2016-01-27,52,40,131,274,3,1,2484,6
2016-01-28,10,232,25,1317,3,1,2486,3
2016-01-29,99,8,796,19,4,2,2480,4
2016-02-01,20,33,63,233,5,2,2477,4
2016-02-02,119,1,595,6,4,2,2477,4
2016-02-03,46,3,116,16,6,4,2478,5
2016-02-04,100,3,254,3,10,5,2477,6
2016-02-05,31,4,72,71,7,3,2481,3
2016-02-15,59,7,141,17,3,5,2491,4
2016-02-16,171,0,890,2,9,5,2492,5
2016-02-17,88,1,223,4,19,5,2496,5
2016-02-18,62,3,115,7,5,8,2497,3
2016-02-19,36,0,106,6,7,3,2493,4
2016-02-22,79,2,239,3,10,7,2492,5
2016-02-23,48,1,113,30,10,9,2492,6
2016-02-24,58,4,143,78,6,4,2488,7
2016-02-25,10,1381,18,2312,5,0,2483,2
2016-02-26,52,12,150,148,4,2,2483,3
2016-02-29,11,563,27,1838,3,2,2488,4
2016-03-01,62,7,290,30,1,2,2491,5
2016-03-02,193,2,1479,4,12,3,2494,6
2016-03-03,53,5,114,11,7,4,2490,6
2016-03-04,19,66,47,918,0,1,2492,4
2016-03-07,73,1,282,2,4,0,2488,2
2016-03-08,53,1,190,17,9,0,2489,2
2016-03-09,13,14,25,282,0,0,2491,1
2016-03-10,6,10,16,107,0,0,2499,1
2016-03-11,18,8,65,38,0,0,2505,1
2016-03-14,96,5,643,7,4,0,2505,2
2016-03-15,12,9,46,60,0,0,2505,1
2016-03-16,13,4,38,31,0,0,2509,1
2016-03-17,79,3,597,3,2,0,2508,2
2016-03-18,136,0,660,0,24,2,2504,3
2016-03-21,111,0,349,0,16,9,2496,4
2016-03-22,33,0,112,3,6,5,2494,4
2016-03-23,58,0,151,4,4,5,2496,5
2016-03-24,37,2,72,105,8,4,2484,5
2016-03-25,33,2,139,27,1,4,2485,4
2016-03-28,24,0,65,33,3,1,2475,4
2016-03-29,8,6,30,193,0,2,2475,5
2016-03-30,97,3,630,5,2,1,2471,4
2016-03-31,52,5,142,10,11,3,2477,5
2016-04-01,21,3,86,39,2,1,2465,4
2016-04-05,87,2,328,3,3,2,2462,5
2016-04-06,48,1,127,7,6,1,2458,4
2016-04-07,24,0,56,58,0,1,2460,3
2016-04-08,22,4,70,53,4,1,2465,4
2016-04-11,62,0,264,7,2,1,2454,3
2016-04-12,23,10,71,81,4,2,2459,4
2016-04-13,48,0,148,0,4,3,2461,5
2016-04-14,24,1,143,3,1,5,2465,6
2016-04-15,21,3,86,8,4,2,2458,5
2016-04-18,18,3,51,54,2,1,2459,5
2016-04-19,23,3,80,11,3,2,2463,6
2016-04-20,17,61,42,1503,3,3,2457,4
2016-04-21,25,7,72,136,2,0,2460,2
2016-04-22,24,8,114,52,3,0,2463,2
2016-04-25,15,3,64,31,1,1,2462,3
2016-04-26,33,0,116,8,1,1,2460,3
2016-04-27,21,1,70,12,1,1,2464,4
2016-04-28,17,3,46,19,0,0,2461,1
2016-04-29,16,4,59,10,2,0,2460,2
2016-05-03,48,0,319,0,1,0,2461,2
2016-05-04,25,0,69,3,3,0,2467,2
2016-05-05,26,0,102,3,3,1,2465,3
2016-05-06,7,23,17,1001,1,2,2470,3
2016-05-09,4,130,17,1120,0,0,2472,1
2016-05-10,8,19,46,89,0,0,2474,1
2016-05-11,14,28,62,130,2,0,2477,2
2016-05-12,15,15,70,71,1,1,2472,3
2016-05-13,13,8,49,23,0,1,2469,3
2016-05-16,45,6,195,12,2,1,2475,4
2016-05-17,25,4,69,29,3,1,2477,3
2016-05-18,7,16,19,542,0,1,2477,3
2016-05-19,22,4,81,11,2,1,2473,4
2016-05-20,36,5,132,11,7,1,2476,3
2016-05-23,43,1,175,4,4,1,2474,4
2016-05-24,14,1,38,29,0,0,2478,1
2016-05-25,11,1,42,21,0,0,2479,1
2016-05-26,19,1,85,6,1,0,2482,2
2016-05-27,23,1,65,14,1,0,2483,2
2016-05-30,12,2,55,21,1,0,2490,2
2016-05-31,86,0,739,2,3,1,2490,3
2016-06-01,38,0,107,0,10,1,2488,3
2016-06-02,47,0,149,2,4,4,2489,3
2016-06-03,38,1,90,9,3,5,2494,4
2016-06-06,33,3,89,9,3,2,2489,5
2016-06-07,41,3,131,4,7,3,2499,6
2016-06-08,30,2,84,40,5,2,2498,6
2016-06-13,6,210,17,1366,0,0,2494,1
2016-06-14,29,3,104,17,0,0,2496,1
2016-06-15,100,2,489,2,8,0,2501,2
2016-06-16,54,1,132,14,20,2,2499,3
2016-06-17,37,0,127,14,2,4,2497,4
2016-06-20,39,10,135,23,4,1,2494,5
2016-06-21,18,4,50,82,2,2,2496,6
2016-06-22,59,5,192,9,2,2,2504,4
2016-06-23,31,3,74,23,5,1,2507,3
2016-06-24,37,0,88,12,4,2,2512,3
2016-06-27,63,1,269,2,6,2,2510,3
2016-06-28,55,2,161,6,6,4,2515,4
2016-06-29,31,0,99,2,6,2,2513,4
2016-06-30,29,10,73,67,0,3,2514,5
2016-07-01,15,0,59,7,3,2,2519,4
2016-07-04,52,2,192,5,1,4,2521,5
2016-07-05,32,1,100,6,8,3,2529,6
2016-07-06,49,1,143,10,6,5,2530,7
2016-07-07,34,3,100,14,4,4,2531,8
2016-07-08,23,3,63,24,2,3,2531,9
2016-07-11,22,10,71,106,1,1,2529,8
2016-07-12,34,3,147,17,5,0,2536,2
2016-07-13,27,1,91,7,4,1,2531,3
2016-07-14,20,1,55,10,2,3,2535,4
2016-07-15,17,5,43,24,2,1,2538,4
2016-07-18,19,7,68,38,1,1,2544,3
2016-07-19,23,4,72,10,2,1,2546,3
2016-07-20,26,3,68,11,4,2,2545,4
2016-07-21,21,4,73,26,3,3,2546,5
2016-07-22,10,3,39,46,0,1,2548,6
2016-07-25,19,7,81,49,2,1,2549,7
2016-07-26,12,4,76,5,2,1,2555,3
2016-07-27,13,74,22,1336,1,0,2560,2
2016-07-28,16,11,77,41,2,1,2565,3
2016-07-29,6,4,32,50,0,1,2567,4
2016-08-01,5,22,23,188,0,1,2571,5
2016-08-02,14,3,70,12,1,0,2578,2
2016-08-03,29,1,84,4,3,1,2575,3
2016-08-04,14,0,57,2,0,0,2575,1
2016-08-05,9,2,33,9,1,0,2579,2
2016-08-08,21,4,98,18,0,1,2587,3
2016-08-09,28,0,90,1,1,0,2590,2
2016-08-10,12,0,45,5,1,1,2593,3
2016-08-11,6,1,21,28,0,0,2593,1
2016-08-12,18,1,57,3,0,0,2597,1
2016-08-15,38,0,158,0,9,0,2595,2
2016-08-16,37,1,91,8,5,3,2596,3
2016-08-17,30,1,93,12,3,1,2598,3
2016-08-18,28,0,76,3,5,2,2598,3
2016-08-19,29,0,94,10,6,5,2598,3
2016-08-22,22,13,42,103,0,3,2601,4
2016-08-23,15,0,50,18,3,1,2602,4
2016-08-24,28,0,65,5,2,1,2603,3
2016-08-25,18,1,51,20,3,2,2594,4
2016-08-26,24,1,65,15,2,2,2592,4
2016-08-29,22,1,60,26,4,1,2589,5
2016-08-30,12,0,44,15,1,1,2596,6
2016-08-31,12,1,40,8,2,1,2594,7
2016-09-01,12,2,30,24,1,1,2601,3
2016-09-02,11,3,29,16,1,0,2600,2
2016-09-05,22,0,79,8,2,0,2610,2
2016-09-06,30,1,129,2,5,0,2610,2
2016-09-07,18,0,66,9,4,0,2607,2
2016-09-08,19,0,65,8,3,0,2607,2
2016-09-09,22,1,39,18,5,0,2602,2
2016-09-12,5,3,21,454,0,1,2596,3
2016-09-13,28,5,105,9,1,1,2594,4
2016-09-14,18,3,38,33,3,1,2585,3
2016-09-19,18,0,80,4,1,1,2582,4
2016-09-20,14,1,49,5,1,0,2588,2
2016-09-21,10,2,41,9,3,0,2585,2
2016-09-22,18,0,56,1,0,1,2585,3
2016-09-23,17,4,42,36,2,1,2583,4
2016-09-26,7,10,16,238,0,0,2591,1
2016-09-27,17,2,52,15,2,0,2594,2
2016-09-28,9,0,27,8,0,1,2599,3
2016-09-29,10,1,44,8,1,0,2598,2
2016-09-30,11,0,41,7,1,1,2602,3
2016-10-10,41,0,184,17,3,0,2610,2
2016-10-11,29,0,93,2,4,3,2612,3
2016-10-12,22,0,68,5,2,3,2626,4
2016-10-13,31,0,72,1,6,3,2625,5
2016-10-14,15,1,43,13,1,4,2630,6
2016-10-17,17,1,42,17,0,4,2636,7
2016-10-18,28,1,99,6,3,1,2633,8
2016-10-19,26,0,65,3,3,3,2634,3
2016-10-20,26,2,74,14,4,2,2633,4
2016-10-21,14,1,43,7,0,1,2634,5
2016-10-24,31,0,70,4,5,0,2642,2
2016-10-25,29,0,82,8,7,1,2649,3
2016-10-26,18,0,53,28,3,3,2654,3
2016-10-27,14,0,44,10,1,1,2652,3
2016-10-28,12,5,26,45,3,0,2652,2
2016-10-31,19,5,54,40,2,1,2654,3
2016-11-01,41,1,109,2,7,2,2657,4
2016-11-02,30,3,66,16,9,6,2654,5
2016-11-03,38,0,91,4,0,8,2662,4
2016-11-04,29,6,64,35,9,2,2665,5
2016-11-07,21,3,60,19,4,2,2664,6
2016-11-08,26,0,68,5,1,1,2666,3
2016-11-09,34,1,62,3,5,2,2665,4
2016-11-10,42,0,122,6,8,2,2664,4
2016-11-11,39,0,103,18,3,4,2662,4
2016-11-14,27,2,91,29,5,3,2665,5
2016-11-15,28,0,69,6,6,2,2660,4
2016-11-16,32,3,63,21,2,5,2661,4
2016-11-17,17,0,45,18,4,2,2650,4
2016-11-18,25,0,74,9,3,1,2650,5
2016-11-21,37,1,96,9,9,2,2651,3
2016-11-22,39,3,117,7,6,4,2654,3
2016-11-23,20,2,48,22,2,5,2657,4
2016-11-24,20,3,65,25,1,3,2658,5
2016-11-25,16,2,55,23,4,3,2656,6
2016-11-28,18,2,61,47,1,3,2656,6
2016-11-29,12,4,34,69,2,3,2661,7
2016-11-30,15,5,44,38,1,2,2668,5
2016-12-01,18,2,63,8,3,2,2665,6
2016-12-02,8,4,24,126,1,3,2668,7
2016-12-05,11,22,33,101,0,3,2671,5
2016-12-06,11,3,47,14,0,0,2673,1
2016-12-07,26,1,80,4,1,0,2673,2
2016-12-08,15,0,37,19,1,1,2674,3
2016-12-09,13,3,33,34,2,1,2673,4
2016-12-12,9,167,15,1541,1,2,2676,3
2016-12-13,25,1,98,26,5,1,2677,4
2016-12-14,29,4,58,30,3,3,2683,5
2016-12-15,36,3,96,8,5,4,2672,6
2016-12-16,45,1,110,11,4,2,2671,7
2016-12-19,32,4,83,39,4,2,2670,4
2016-12-20,17,4,41,30,3,2,2678,3
2016-12-21,20,2,71,14,2,3,2677,4
2016-12-22,30,2,67,12,1,1,2673,4
2016-12-23,9,11,26,117,1,1,2675,5
2016-12-26,18,6,55,25,2,2,2685,6
2016-12-27,25,2,59,14,6,3,2692,7
2016-12-28,16,2,32,14,1,1,2689,8
2016-12-29,10,5,22,19,0,0,2686,1
2016-12-30,9,5,25,30,0,0,2697,1
2017-01-03,17,1,60,11,4,0,2697,2
2017-01-04,44,1,107,4,5,3,2701,3
2017-01-05,32,2,55,11,7,2,2697,3
2017-01-06,16,10,30,87,2,1,2702,3
2017-01-09,20,3,59,19,2,1,2705,3
2017-01-10,26,8,50,22,3,2,2707,3
2017-01-11,13,6,29,81,2,0,2704,2
2017-01-12,14,2,23,43,0,0,2706,1
2017-01-13,7,10,17,236,2,0,2710,2
2017-01-16,6,71,9,1135,1,0,2708,2
2017-01-17,32,5,108,14,2,0,2713,2
2017-01-18,23,5,41,38,6,0,2717,2
2017-01-19,18,8,31,45,2,1,2712,3
2017-01-20,35,3,95,4,1,3,2719,4
2017-01-23,30,2,76,9,4,2,2728,4
2017-01-24,27,1,36,24,7,3,2731,5
2017-01-25,18,7,45,29,3,0,2732,2
2017-01-26,12,0,39,16,0,1,2731,3
2017-02-03,13,8,34,18,0,0,2732,1
2017-02-06,25,0,78,4,3,0,2738,2
2017-02-07,27,0,53,3,1,1,2740,3
2017-02-08,25,0,58,1,5,1,2741,3
2017-02-09,32,1,70,2,2,2,2737,3
2017-02-10,27,5,54,28,3,2,2737,4
2017-02-13,20,1,59,8,1,0,2740,2
2017-02-14,11,0,40,7,2,1,2742,3
2017-02-15,17,0,34,24,1,1,2745,4
2017-02-16,27,0,60,5,4,2,2744,5
2017-02-17,15,3,37,34,2,1,2745,3
2017-02-20,20,3,68,26,1,0,2732,2
2017-02-21,30,1,76,2,3,0,2741,2
2017-02-22,24,0,60,4,1,2,2740,3
2017-02-23,21,2,52,21,2,1,2742,3
2017-02-24,13,4,44,13,2,0,2744,2
2017-02-27,11,3,33,31,0,1,2753,3
2017-02-28,16,5,46,11,1,1,2754,4
2017-03-01,23,4,53,11,2,1,2756,3
2017-03-02,8,1,31,18,2,0,2759,2
2017-03-03,14,3,49,22,1,0,2759,2
2017-03-06,24,0,82,3,4,1,2766,3
2017-03-07,14,0,47,8,0,1,2772,4
2017-03-08,7,2,28,11,0,1,2770,5
2017-03-09,12,1,23,15,1,0,2771,2
2017-03-10,12,2,43,5,1,0,2774,2
2017-03-13,16,2,59,5,1,0,2781,2
2017-03-14,18,1,44,9,2,0,2787,2
2017-03-15,16,2,48,15,1,2,2788,3
2017-03-16,19,1,56,1,2,1,2785,4
2017-03-17,17,2,31,29,2,3,2792,5
2017-03-20,13,3,55,21,0,0,2790,1
2017-03-21,18,1,54,11,3,0,2796,2
2017-03-22,17,3,48,7,0,1,2798,3
2017-03-23,19,2,52,23,3,0,2801,2
2017-03-24,18,2,49,17,3,1,2806,3
2017-03-27,15,1,47,32,5,0,2813,2
2017-03-28,15,2,38,39,3,1,2811,3
2017-03-29,21,7,40,167,1,0,2820,2
2017-03-30,14,22,28,316,2,0,2820,2
2017-03-31,12,21,49,89,1,0,2820,2
2017-04-05,94,1,238,15,0,0,2818,1
2017-04-06,49,1,84,6,37,0,2814,2
2017-04-07,40,3,82,29,1,25,2818,3
2017-04-10,45,57,87,310,3,23,2818,4
2017-04-11,59,8,149,29,4,22,2816,5
2017-04-12,43,37,68,159,10,13,2834,6
2017-04-13,31,11,71,21,1,3,2820,7
2017-04-14,6,10,21,107,1,0,2823,2
2017-04-17,6,92,19,395,0,0,2841,1
2017-04-18,7,36,29,145,1,0,2844,2
2017-04-19,10,27,42,150,1,0,2846,2
2017-04-20,8,19,38,96,0,1,2837,3
2017-04-21,9,29,30,107,0,0,2838,1
2017-04-24,4,66,14,647,0,0,2835,1
2017-04-25,21,11,62,45,2,0,2837,2
2017-04-26,28,9,85,40,4,1,2837,3
2017-04-27,23,6,110,34,3,2,2830,3
2017-04-28,19,8,74,24,2,1,2828,3
2017-05-02,30,13,80,40,4,1,2813,3
2017-05-03,25,12,61,54,3,1,2819,3
2017-05-04,25,3,64,24,4,2,2816,4
2017-05-05,12,8,31,106,2,1,2821,5
2017-05-08,11,37,22,369,1,0,2823,2
2017-05-09,18,15,76,37,1,0,2830,2
2017-05-10,14,19,31,183,0,0,2824,1
2017-05-11,13,22,47,105,0,0,2829,1
2017-05-12,15,10,58,26,3,0,2825,2
2017-05-15,33,7,89,21,1,2,2826,3
2017-05-16,48,1,212,10,9,0,2821,2
2017-05-17,30,2,92,11,2,3,2826,3
2017-05-18,15,15,42,51,2,1,2831,3
2017-05-19,19,4,57,35,4,2,2842,3
2017-05-22,10,27,26,339,2,0,2848,2
2017-05-23,3,87,12,788,0,0,2856,1
2017-05-24,20,21,76,43,0,0,2857,1
2017-05-25,26,17,67,36,2,0,2852,2
2017-05-26,22,11,59,31,2,2,2852,3
2017-05-31,12,10,45,43,3,0,2858,2
2017-06-01,4,71,12,643,0,0,2853,1
2017-06-02,39,9,117,23,3,0,2849,2
2017-06-05,25,3,83,9,1,1,2848,3
2017-06-06,15,5,50,16,2,1,2848,3
2017-06-07,52,2,216,3,2,3,2851,4
2017-06-08,32,2,72,8,8,1,2850,4
2017-06-09,26,4,54,11,4,1,2857,3
2017-06-12,9,15,31,160,0,1,2864,3
2017-06-13,46,2,162,6,1,0,2865,2
2017-06-14,30,4,74,10,7,1,2871,3
2017-06-15,38,2,109,4,3,1,2869,3
2017-06-16,13,3,39,7,1,0,2878,2
2017-06-19,20,3,64,14,2,0,2880,2
2017-06-20,14,7,46,14,1,1,2891,3
2017-06-21,11,5,50,16,0,0,2897,1
2017-06-22,8,6,23,122,0,0,2892,1
2017-06-23,7,5,40,21,0,0,2898,1
2017-06-26,20,3,85,6,3,0,2903,2
2017-06-27,15,1,49,3,1,0,2903,2
2017-06-28,6,2,23,12,0,0,2902,1
2017-06-29,9,1,37,5,1,0,2901,2
2017-06-30,10,1,47,8,0,1,2897,3
2017-07-03,14,1,69,8,1,1,2901,4
2017-07-04,9,1,37,11,1,1,2907,5
2017-07-05,20,3,68,10,2,2,2910,6
2017-07-06,18,1,81,4,2,3,2906,7
2017-07-07,28,2,93,9,3,2,2905,8
2017-07-10,8,9,54,88,1,1,2911,4
2017-07-11,5,10,26,108,0,0,2913,1
2017-07-12,12,10,62,29,0,0,2913,1
2017-07-13,15,7,72,35,2,0,2908,2
2017-07-14,9,16,32,73,0,0,2915,1
2017-07-17,6,451,13,1747,3,0,2918,2
2017-07-18,34,10,142,37,0,1,2910,3
2017-07-19,40,4,203,7,6,0,2909,2
2017-07-20,24,5,96,7,1,2,2908,3
2017-07-21,14,6,70,19,0,0,2915,1
2017-07-24,23,4,91,19,2,0,2923,2
2017-07-25,18,2,63,19,1,0,2923,2
2017-07-26,19,1,85,12,1,0,2924,2
2017-07-27,33,2,214,20,0,0,2933,1
2017-07-28,20,0,73,3,4,0,2931,2
2017-07-31,29,1,139,8,1,2,2931,3
2017-08-01,20,4,65,15,1,0,2940,2
2017-08-02,19,7,61,33,3,0,2948,2
2017-08-03,31,1,100,14,0,1,2950,3
2017-08-04,19,2,82,47,1,0,2946,2
2017-08-07,21,5,105,11,2,1,2953,3
2017-08-08,22,4,81,22,1,0,2954,2
2017-08-09,24,1,77,9,1,0,2958,2
2017-08-10,13,2,43,32,2,0,2962,2
2017-08-11,9,26,20,226,1,1,2961,3
2017-08-14,34,1,155,1,1,2,2972,4
2017-08-15,25,3,78,6,6,1,2974,5
2017-08-16,24,3,77,19,1,1,2977,3
2017-08-17,20,0,78,1,1,1,2970,4
2017-08-18,15,3,52,26,2,0,2977,2
2017-08-21,22,0,77,1,1,1,2985,3
2017-08-22,16,1,43,10,3,0,2980,2
2017-08-23,13,0,31,40,0,0,2986,1
2017-08-24,17,1,38,25,2,0,2984,2
2017-08-25,31,1,85,7,0,2,2992,3
2017-08-28,39,1,127,4,7,1,3001,4
2017-08-29,24,2,61,14,5,3,3000,3
2017-08-30,20,0,79,8,0,3,2999,4
2017-08-31,32,0,103,3,1,2,2999,5
2017-09-01,31,1,84,3,4,0,3014,2
2017-09-04,26,2,96,18,4,0,3012,2
2017-09-05,20,3,61,10,1,1,3018,3
2017-09-06,36,1,94,3,3,2,3017,4
2017-09-07,25,0,70,17,2,0,3012,2
2017-09-08,20,0,73,13,4,1,3003,3
2017-09-11,41,0,134,5,3,2,3007,3
2017-09-12,15,4,66,43,3,1,3007,4
2017-09-13,22,0,82,8,2,2,3008,3
2017-09-14,18,0,64,11,2,1,3010,4
2017-09-15,13,7,45,82,2,1,3012,5
2017-09-18,20,2,98,13,1,0,3017,2
2017-09-19,15,0,62,10,1,0,3028,2
2017-09-20,27,0,114,3,1,0,3027,2
2017-09-21,18,1,47,62,3,1,3031,3
2017-09-22,27,2,78,26,3,2,3035,4
2017-09-25,16,9,36,144,3,3,3039,5
2017-09-26,19,3,57,91,2,1,3047,4
2017-09-27,30,2,105,4,0,2,3046,5
2017-09-28,15,0,55,22,5,0,3049,2
2017-09-29,23,2,84,14,4,2,3050,3
2017-10-09,44,1,128,10,6,3,3065,4
2017-10-10,50,1,135,14,10,3,3068,5
2017-10-11,24,4,57,75,2,5,3069,6
2017-10-12,22,0,61,26,1,4,3070,5
2017-10-13,40,1,99,11,3,1,3074,3
2017-10-16,11,22,25,311,5,0,3076,2
2017-10-17,16,0,61,19,0,0,3074,1
2017-10-18,9,0,34,64,2,0,3074,2
2017-10-19,15,3,39,71,3,1,3071,3
2017-10-20,30,1,97,7,1,0,3074,2
2017-10-23,19,0,75,10,4,0,3082,2
2017-10-24,12,5,34,50,2,1,3079,3
2017-10-25,19,1,75,2,1,0,3082,2
2017-10-26,18,2,59,9,2,0,3079,2
2017-10-27,6,1,37,27,1,0,3083,2
2017-10-30,12,25,34,537,1,0,3088,2
2017-10-31,17,1,97,16,1,0,3097,2
2017-11-01,21,2,76,12,0,0,3101,1
2017-11-02,8,4,37,63,2,0,3110,2
2017-11-03,9,3,31,57,1,0,3112,2
2017-11-06,19,7,110,22,1,1,3116,3
2017-11-07,22,1,85,6,1,1,3120,4
2017-11-08,26,3,70,14,5,2,3124,5
2017-11-09,22,0,81,5,2,2,3125,6
2017-11-10,28,0,92,5,2,4,3121,7
2017-11-13,26,3,109,26,1,3,3122,5
2017-11-14,13,4,55,60,1,2,3126,6
2017-11-15,17,14,38,113,1,2,3125,7
2017-11-16,12,6,57,84,1,1,3116,8
2017-11-17,4,86,15,1105,0,1,3122,9
2017-11-20,30,12,136,46,2,1,3122,10
2017-11-21,23,4,90,32,2,2,3123,11
2017-11-22,17,4,71,29,2,2,3120,12
2017-11-23,11,16,23,334,1,3,3119,13
2017-11-24,18,9,60,58,0,1,3118,14
2017-11-27,10,34,28,202,0,1,3124,15
2017-11-28,32,5,135,11,1,1,3119,16
2017-11-29,26,1,81,27,3,2,3122,17
2017-11-30,9,1,35,36,2,1,3117,18
2017-12-01,20,0,66,5,1,1,3116,3
2017-12-04,5,35,35,302,1,0,3110,2
2017-12-05,6,26,14,538,1,0,3115,2
2017-12-06,17,4,92,13,1,0,3115,2
2017-12-07,16,2,46,15,0,0,3108,1
2017-12-08,30,4,86,6,2,0,3110,2
2017-12-11,30,1,107,3,3,0,3108,2
2017-12-12,6,1,27,43,4,0,3111,2
2017-12-13,10,0,57,4,0,0,3107,1
2017-12-14,18,0,58,3,1,0,3110,2
2017-12-15,23,4,51,35,3,0,3118,2
2017-12-18,10,15,42,97,0,0,3120,1
2017-12-19,17,9,57,12,0,0,3123,1
2017-12-20,2,3,24,42,0,0,3129,1
2017-12-21,10,4,59,15,0,0,3126,1
2017-12-22,11,3,50,22,1,0,3130,2
2017-12-25,18,11,44,99,2,0,3137,2
2017-12-26,37,3,121,9,5,1,3134,3
2017-12-27,24,3,46,43,5,3,3130,4
2017-12-28,24,2,78,18,2,2,3127,4
2017-12-29,16,4,69,19,0,0,3130,1
2018-01-02,19,4,104,6,0,0,3137,1
2018-01-03,38,3,100,5,2,0,3143,2
2018-01-04,29,2,75,8,5,2,3140,3
2018-01-05,16,1,61,14,2,2,3146,3
2018-01-08,26,1,84,18,6,1,3150,3
2018-01-09,20,0,57,4,4,2,3155,3
2018-01-10,33,0,72,32,3,4,3156,4
2018-01-11,46,0,110,15,6,5,3159,5
2018-01-12,25,3,56,35,5,5,3160,5
2018-01-15,18,24,42,474,1,4,3169,4
2018-01-16,45,5,151,30,5,4,3172,5
2018-01-17,30,20,97,103,5,1,3167,3
2018-01-18,31,6,82,25,5,2,3165,4
2018-01-19,26,9,59,38,3,5,3171,5
2018-01-22,31,20,106,82,5,0,3168,2
2018-01-23,36,6,82,21,5,0,3169,2
2018-01-24,31,9,123,16,1,3,3175,3
2018-01-25,17,6,55,25,1,0,3169,2
2018-01-26,17,7,53,29,1,0,3168,2
2018-01-29,15,17,45,118,2,0,3166,2
2018-01-30,23,18,61,75,2,1,3168,3
2018-01-31,16,129,32,582,2,0,3164,2
2018-02-01,12,222,22,1314,3,1,3157,3
2018-02-02,18,56,93,237,1,1,3117,3
2018-02-05,23,53,81,171,2,0,3070,2
2018-02-06,7,426,16,1921,1,0,3063,2
2018-02-07,34,31,111,125,1,1,3052,3
2018-02-08,42,21,161,47,7,1,3044,4
2018-02-09,15,92,22,691,2,3,3049,5
2018-02-12,72,8,335,17,2,3,3067,6
2018-02-13,28,13,72,48,6,0,3075,2
2018-02-14,26,16,70,49,2,1,3087,3
2018-02-22,41,11,171,16,5,1,3101,3
2018-02-23,27,7,87,14,2,1,3110,4
2018-02-26,62,7,292,10,5,2,3128,3
2018-02-27,49,6,120,29,5,4,3140,4
2018-02-28,31,6,80,27,5,1,3137,3
2018-03-01,64,0,185,6,1,2,3132,3
2018-03-02,29,3,67,31,8,0,3141,2
2018-03-05,38,2,146,19,5,4,3135,3
2018-03-06,50,1,143,3,4,4,3139,4
2018-03-07,31,2,64,11,5,1,3143,3
2018-03-08,60,2,155,6,8,4,3142,4
2018-03-09,65,1,188,5,12,4,3147,4
2018-03-12,62,1,182,3,12,7,3151,5
2018-03-13,31,4,72,41,7,2,3146,4
2018-03-14,13,2,36,56,2,1,3146,3
2018-03-15,19,4,58,140,2,1,3152,3
2018-03-16,43,2,89,16,6,3,3155,4
2018-03-19,38,6,117,39,8,1,3162,3
2018-03-20,56,2,122,16,6,5,3159,4
2018-03-21,45,3,83,33,10,4,3162,4
2018-03-22,54,4,117,34,13,8,3165,5
2018-03-23,34,409,56,2042,6,3,3169,3
2018-03-26,64,6,288,46,4,1,3171,4
2018-03-27,99,2,390,4,13,5,3166,5
2018-03-28,47,13,104,105,9,4,3162,3
2018-03-29,50,4,133,25,5,3,3161,4
2018-03-30,68,1,240,3,8,6,3165,5
2018-04-02,67,3,173,25,13,7,3171,6
2018-04-03,44,5,98,37,10,7,3175,6
2018-04-04,53,5,107,59,9,8,3178,4
2018-04-09,69,6,170,45,11,9,3180,4
2018-04-10,44,35,136,128,5,5,3183,5
2018-04-11,54,0,132,21,8,3,3186,3
2018-04-12,39,9,85,59,8,4,3191,4
2018-04-13,21,17,60,70,2,0,3194,2
2018-04-16,42,15,115,111,1,0,3190,2
2018-04-17,14,25,28,438,5,1,3188,3
2018-04-18,39,7,231,38,3,1,3183,3
2018-04-19,21,1,102,30,2,1,3182,3
2018-04-20,16,28,31,442,2,2,3179,4
2018-04-23,23,30,61,204,1,1,3182,5
2018-04-24,81,1,298,5,9,2,3181,6
2018-04-25,53,4,140,15,14,6,3184,4
2018-04-26,27,26,46,279,4,6,3180,4
2018-04-27,16,26,67,121,2,0,3183,2
2018-05-02,23,45,111,195,3,0,3188,2
2018-05-03,52,6,167,22,6,3,3189,3
2018-05-04,32,7,74,37,5,1,3192,4
2018-05-07,60,6,198,10,8,3,3198,5
2018-05-08,60,5,121,7,10,7,3200,6
2018-05-09,40,4,80,18,5,6,3202,4
2018-05-10,56,1,118,14,9,3,3205,4
2018-05-11,21,10,54,116,2,1,3209,3
2018-05-14,14,16,56,112,0,0,3213,1
2018-05-15,46,2,134,8,2,0,3214,2
2018-05-16,26,4,63,27,7,0,3221,2
2018-05-17,26,9,57,35,3,2,3224,3
2018-05-18,34,10,89,26,6,1,3223,4
2018-05-21,47,4,140,10,6,5,3219,5
2018-05-22,39,5,111,9,4,4,3220,4
2018-05-23,23,7,57,75,5,4,3221,5
2018-05-24,32,4,71,24,5,3,3218,4
2018-05-25,37,5,54,84,7,6,3221,4
2018-05-28,39,24,89,174,8,3,3226,4
2018-05-29,33,20,54,169,6,3,3224,5
2018-05-30,18,167,36,1153,4,2,3220,6
2018-05-31,57,11,254,28,4,3,3217,7
2018-06-01,22,23,45,183,4,1,3218,8
2018-06-04,23,42,70,129,3,1,3225,9
2018-06-05,41,14,170,26,6,0,3227,2
2018-06-06,35,8,80,22,5,1,3224,3
2018-06-07,21,6,51,67,2,1,3219,4
2018-06-08,20,10,47,54,3,1,3218,5
2018-06-11,29,18,55,101,2,2,3223,3
2018-06-12,32,14,105,40,3,2,3222,4
2018-06-13,25,26,38,199,8,2,3223,5
2018-06-14,35,36,62,96,4,2,3220,4
2018-06-15,15,73,31,514,2,1,3215,3
2018-06-19,10,1017,13,2576,0,2,3202,4
2018-06-20,44,51,219,107,3,1,3205,5
2018-06-21,16,95,44,710,4,1,3204,3
2018-06-22,52,27,167,63,2,4,3207,4
2018-06-25,49,30,81,66,12,1,3213,4
2018-06-26,50,21,151,51,6,0,3219,2
2018-06-27,42,18,62,83,9,2,3227,3
2018-06-28,34,26,61,152,5,4,3232,4
2018-06-29,86,11,421,17,5,5,3239,5
2018-07-02,41,25,77,136,7,5,3248,4
2018-07-03,62,25,181,45,5,4,3257,4
2018-07-04,34,38,64,284,6,3,3257,5
2018-07-05,20,47,33,493,2,2,3261,4
2018-07-06,34,22,84,80,2,1,3260,5
2018-07-09,57,21,261,30,4,1,3270,3
2018-07-10,59,10,140,21,6,4,3272,4
2018-07-11,27,20,47,324,8,3,3270,4
2018-07-12,77,5,268,6,4,5,3269,5
2018-07-13,39,14,111,44,5,4,3273,6
2018-07-16,41,32,86,82,6,3,3284,3
2018-07-17,53,14,115,21,8,1,3286,4
2018-07-18,46,10,90,51,9,2,3289,5
2018-07-19,30,14,59,117,4,3,3290,6
2018-07-20,44,7,108,18,4,3,3293,4
2018-07-23,47,19,147,105,9,2,3295,5
2018-07-24,71,2,202,8,12,4,3295,6
2018-07-25,60,1,111,20,10,9,3298,7
2018-07-26,72,4,114,92,13,11,3298,8
2018-07-27,42,10,82,89,7,7,3299,6
2018-07-30,25,25,60,225,6,2,3300,4
2018-07-31,35,14,78,57,2,1,3304,3
2018-08-01,26,5,40,126,2,3,3308,4
2018-08-02,28,15,58,531,7,0,3310,2
2018-08-03,28,23,53,193,2,2,3313,3
2018-08-06,20,67,40,393,3,2,3315,4
2018-08-07,47,13,278,20,6,3,3321,4
2018-08-08,30,32,47,254,4,4,3319,5
2018-08-09,60,6,254,12,4,3,3321,5
2018-08-10,37,4,92,21,4,3,3322,6
2018-08-13,37,7,95,20,4,4,3324,7
2018-08-14,31,5,50,16,3,3,3324,8
2018-08-15,26,9,35,97,4,2,3326,4
2018-08-16,18,11,33,113,1,1,3326,3
2018-08-17,10,20,22,211,1,1,3330,4
2018-08-20,29,17,101,84,1,1,3334,3
2018-08-21,36,10,125,20,6,1,3337,3
2018-08-22,18,18,35,77,1,1,3337,3
2018-08-23,28,6,74,19,3,1,3335,4
2018-08-24,26,11,55,37,5,2,3340,5
2018-08-27,34,7,171,13,4,3,3343,4
2018-08-28,25,5,59,30,5,1,3344,4
2018-08-29,19,4,39,32,3,0,3344,2
2018-08-30,10,9,28,106,1,0,3347,2
2018-08-31,16,14,28,125,1,1,3349,3
2018-09-03,31,6,74,54,4,1,3351,3
2018-09-04,46,6,110,8,8,2,3352,4
2018-09-05,31,4,46,51,5,3,3353,3
2018-09-06,30,5,58,31,5,2,3352,4
2018-09-07,41,4,81,31,5,5,3351,5
2018-09-10,23,24,29,224,6,1,3351,3
2018-09-11,25,13,66,67,3,1,3354,3
2018-09-12,20,9,36,28,3,1,3354,4
2018-09-13,32,13,86,26,4,2,3360,3
2018-09-14,18,20,33,132,4,1,3361,4
2018-09-17,21,24,29,211,2,3,3359,5
2018-09-18,48,9,165,17,5,1,3363,6
2018-09-19,38,6,119,12,7,5,3361,3
2018-09-20,35,6,52,28,5,3,3363,4
2018-09-21,26,8,97,18,5,0,3365,2
2018-09-25,19,7,41,26,3,2,3370,3
2018-09-26,31,6,77,12,6,2,3371,4
2018-09-27,14,18,27,196,1,2,3372,4
2018-09-28,22,8,85,24,3,0,3374,2
2018-10-08,17,42,26,711,2,2,3371,3
2018-10-09,30,9,84,47,4,3,3381,4
2018-10-10,37,12,77,48,8,2,3386,5
2018-10-11,17,1041,22,2778,4,2,3383,3
2018-10-12,40,34,142,257,4,2,3387,4
2018-10-15,39,29,72,196,4,2,3384,5
2018-10-16,28,61,49,327,6,3,3387,3
2018-10-17,50,30,143,90,4,5,3389,4
2018-10-18,24,121,39,678,4,0,3385,2
2018-10-19,55,17,284,48,3,2,3381,3
2018-10-22,193,1,1353,3,16,5,3376,4
2018-10-23,57,10,94,96,28,8,3376,5
2018-10-24,49,5,90,47,4,11,3376,6
2018-10-25,37,8,92,76,6,7,3372,4
2018-10-26,51,4,101,51,8,1,3375,5
2018-10-29,28,36,43,181,5,2,3385,6
2018-10-30,66,5,163,33,6,5,3390,7
2018-10-31,64,5,164,8,8,7,3384,4
2018-11-01,58,4,119,12,6,5,3387,4
2018-11-02,77,7,360,8,9,7,3388,4
2018-11-05,80,6,197,10,10,6,3397,5
2018-11-06,64,15,123,64,31,1,3397,3
2018-11-07,49,7,84,28,6,15,3400,4
2018-11-08,59,7,101,18,2,12,3403,5
2018-11-09,54,8,88,47,16,8,3407,6
2018-11-12,106,5,371,12,12,11,3412,7
2018-11-13,101,2,257,3,24,16,3415,8
2018-11-14,59,4,109,31,10,14,3416,8
2018-11-15,95,2,297,10,9,10,3421,9
2018-11-16,101,6,229,10,23,10,3426,10
2018-11-19,97,6,188,47,11,18,3430,11
2018-11-20,36,27,62,393,5,9,3432,12
2018-11-21,45,4,165,39,3,2,3433,3
2018-11-22,46,6,88,31,8,2,3438,4
2018-11-23,14,63,24,1479,6,2,3440,4
2018-11-26,31,22,87,117,0,1,3442,3
2018-11-27,40,1,131,14,7,0,3442,2
2018-11-28,48,6,150,36,5,4,3448,3
2018-11-29,21,8,37,375,4,2,3446,4
2018-11-30,27,7,102,42,1,3,3448,5
2018-12-03,72,1,410,5,10,1,3450,6
2018-12-04,41,2,116,10,8,8,3451,7
2018-12-05,29,22,59,69,4,5,3450,4
2018-12-06,20,24,36,153,3,1,3451,5
2018-12-07,24,12,74,61,2,1,3454,3
2018-12-10,16,16,37,101,2,0,3458,2
2018-12-11,40,3,120,8,5,2,3454,3
2018-12-12,23,2,52,23,4,1,3457,3
2018-12-13,25,2,87,8,1,1,3457,4
2018-12-14,13,7,24,283,1,2,3458,5
2018-12-17,28,6,86,38,2,2,3458,6
2018-12-18,18,3,38,52,3,1,3457,3
2018-12-19,19,5,38,56,3,0,3456,2
2018-12-20,22,9,56,17,2,1,3460,3
2018-12-21,15,6,32,48,2,1,3460,4
2018-12-24,28,7,93,25,3,2,3460,5
2018-12-25,36,8,65,61,11,3,3456,6
2018-12-26,36,6,71,37,6,3,3454,3
2018-12-27,18,8,38,179,1,2,3454,4
2018-12-28,19,4,61,66,4,2,3458,5
2019-01-02,30,16,66,91,3,3,3462,6
2019-01-03,38,18,82,193,9,3,3462,5
2019-01-04,74,1,293,12,10,7,3463,6
2019-01-07,87,0,242,3,12,11,3463,7
2019-01-08,44,1,98,20,10,7,3464,8
2019-01-09,59,0,108,13,7,7,3464,9
2019-01-10,43,5,86,37,6,4,3466,10
2019-01-11,61,5,127,22,13,1,3466,5
2019-01-14,40,7,65,60,6,6,3465,4
2019-01-15,46,5,121,28,3,3,3465,4
2019-01-16,29,2,64,17,3,3,3463,5
2019-01-17,31,4,50,37,5,1,3464,3
2019-01-18,26,8,75,48,4,2,3462,3
2019-01-21,35,4,85,14,5,3,3461,4
2019-01-22,25,1,46,25,5,2,3460,4
2019-01-23,35,3,80,20,4,5,3457,5
2019-01-24,37,6,78,24,5,4,3460,6
2019-01-25,36,14,72,116,7,5,3459,7
2019-01-28,19,30,60,142,5,2,3463,3
2019-01-29,17,44,45,358,3,2,3463,4
2019-01-30,16,69,31,246,0,1,3466,5
2019-01-31,12,116,41,484,1,0,3465,2
2019-02-01,42,8,361,23,2,1,3466,3
2019-02-11,72,4,274,7,5,3,3470,4
2019-02-12,68,0,167,1,13,3,3470,5
2019-02-13,77,0,189,2,15,5,3471,6
2019-02-14,47,1,110,2,7,15,3472,7
2019-02-15,53,0,91,11,7,10,3471,8
2019-02-18,115,0,445,1,13,9,3468,9
2019-02-19,73,0,164,4,15,9,3468,6
2019-02-20,59,0,134,17,8,8,3463,7
2019-02-21,68,0,121,13,9,11,3468,8
2019-02-22,134,0,393,3,21,8,3469,9
2019-02-25,293,0,1335,1,75,21,3465,10
2019-02-26,97,11,192,86,23,24,3466,8
2019-02-27,69,22,167,94,5,12,3465,9
2019-02-28,48,23,139,116,6,1,3466,6
2019-03-01,52,0,160,6,8,0,3469,2
2019-03-04,133,0,321,1,25,8,3470,3
2019-03-05,197,0,579,0,42,22,3469,4
2019-03-06,188,0,445,2,30,44,3466,5
2019-03-07,214,1,454,8,37,59,3470,6
2019-03-08,69,216,121,1912,16,21,3473,7
2019-03-11,257,5,1115,23,13,11,3474,8
2019-03-12,160,0,409,1,46,13,3473,8
2019-03-13,64,44,115,520,12,15,3470,9
2019-03-14,35,85,76,707,2,7,3471,9
2019-03-15,76,6,311,32,4,5,3472,10
2019-03-18,89,3,343,23,8,5,3473,6
2019-03-19,72,1,175,13,13,7,3474,7
2019-03-20,71,0,174,33,11,12,3476,8
2019-03-21,96,0,221,9,15,15,3474,6
2019-03-22,90,1,216,28,16,11,3472,7
2019-03-25,85,9,152,150,16,12,3467,7
2019-03-26,36,24,67,501,5,5,3466,5
2019-03-27,90,2,289,66,12,8,3462,6
2019-03-28,44,42,86,250,6,7,3461,6
2019-03-29,77,2,403,37,12,4,3463,7
2019-04-01,167,1,603,2,18,10,3470,8
2019-04-02,92,4,228,13,28,9,3475,6
2019-04-03,102,4,250,32,8,17,3467,5
2019-04-04,83,3,220,19,15,11,3471,6
2019-04-08,115,5,281,118,21,11,3477,7
2019-04-09,90,4,219,103,13,15,3477,8
2019-04-10,90,8,192,85,12,13,3478,8
2019-04-11,64,11,101,265,14,7,3474,8
2019-04-12,50,24,150,132,10,7,3477,9
2019-04-15,39,8,85,98,5,3,3476,5
2019-04-16,90,4,302,11,13,5,3474,5
2019-04-17,95,1,239,6,19,10,3480,6
2019-04-18,58,3,128,71,11,13,3483,5
2019-04-19,71,2,174,27,12,8,3482,5
2019-04-22,48,10,99,156,7,7,3480,6
2019-04-23,36,50,82,338,8,3,3483,7
2019-04-24,65,7,190,54,4,7,3481,8
2019-04-25,21,72,32,1258,3,2,3476,9
2019-04-26,47,53,104,318,7,4,3466,10
2019-04-29,25,278,58,1241,4,3,3453,4
2019-04-30,56,50,231,158,4,3,3437,4
2019-05-06,19,1043,33,2902,4,3,3435,5
2019-05-07,98,10,324,77,10,3,3436,6
2019-05-08,63,21,131,92,10,7,3436,7
2019-05-09,37,25,71,145,4,7,3440,5
2019-05-10,116,1,566,5,10,5,3441,5
2019-05-13,54,7,127,83,11,6,3439,5
2019-05-14,50,5,87,40,5,4,3441,6
2019-05-15,98,0,267,1,8,5,3442,7
2019-05-16,70,1,152,34,9,2,3442,4
2019-05-17,40,29,56,930,6,4,3444,5
2019-05-20,51,48,154,210,12,5,3442,4
2019-05-21,71,6,236,19,9,9,3445,5
2019-05-22,53,4,105,48,4,7,3445,6
2019-05-23,33,39,49,338,7,4,3444,6
2019-05-24,40,38,78,187,6,2,3446,4
2019-05-27,87,7,367,15,4,4,3452,3
2019-05-28,60,4,105,9,18,6,3451,4
2019-05-29,60,3,124,10,8,12,3452,5
2019-05-30,44,21,101,86,10,7,3450,6
2019-05-31,58,7,116,48,12,9,3450,7
2019-06-03,36,39,70,227,2,4,3447,5
2019-06-04,30,36,55,235,7,1,3447,5
2019-06-05,58,19,119,68,5,4,3447,6
2019-06-06,22,58,34,429,6,2,3449,4
2019-06-10,68,20,200,45,5,6,3445,5
2019-06-11,113,5,537,5,17,8,3447,6
2019-06-12,60,6,103,34,11,10,3446,7
2019-06-13,75,8,133,38,8,6,3446,6
2019-06-14,20,23,37,271,4,3,3449,5
2019-06-17,42,12,95,74,5,3,3449,4
2019-06-18,40,6,74,38,6,3,3451,5
2019-06-19,79,3,157,4,12,6,3451,6
2019-06-20,60,6,187,27,11,7,3451,7
2019-06-21,128,2,275,6,13,12,3451,5
2019-06-24,69,5,123,32,21,11,3455,6
2019-06-25,45,15,80,87,6,11,3456,7
2019-06-26,38,22,88,87,5,7,3455,6
2019-06-27,54,7,131,20,6,5,3456,5
2019-06-28,22,8,39,104,6,1,3460,4
2019-07-01,99,0,379,1,6,7,3458,5
2019-07-02,26,7,83,43,6,2,3459,4
2019-07-03,24,7,51,46,5,1,3458,3
2019-07-04,27,7,54,50,3,3,3456,3
2019-07-05,39,5,91,35,2,3,3458,4
2019-07-08,19,14,34,718,4,0,3458,2
2019-07-09,34,4,96,31,4,2,3456,3
2019-07-10,27,6,49,45,2,1,3457,3
2019-07-11,31,0,82,22,3,1,3455,4
2019-07-12,28,8,84,48,1,2,3457,3
2019-07-15,37,9,132,54,5,2,3461,4
2019-07-16,32,0,69,6,4,5,3462,5
2019-07-17,37,1,82,10,6,2,3462,4
2019-07-18,17,2,27,71,4,2,3463,5
2019-07-19,19,2,84,15,3,1,3462,4
2019-07-22,8,43,17,523,1,2,3469,5
2019-07-23,41,4,141,8,1,3,3468,6
2019-07-24,38,0,104,0,8,3,3465,7
2019-07-25,26,1,74,16,5,2,3467,3
2019-07-26,28,5,61,20,3,1,3467,3
2019-07-29,23,3,59,12,1,1,3468,3
2019-07-30,28,2,73,7,2,1,3467,4
2019-07-31,20,4,49,25,3,1,3470,3
2019-08-01,20,3,60,31,4,3,3470,4
2019-08-02,17,3,48,66,2,2,3471,3
2019-08-05,33,5,56,46,5,1,3472,3
2019-08-06,19,9,46,541,3,4,3473,3
2019-08-07,30,12,94,64,2,2,3472,4
2019-08-08,32,10,105,31,5,2,3471,4
2019-08-09,18,2,40,58,2,1,3470,5
2019-08-12,41,1,192,6,3,1,3469,3
2019-08-13,22,2,56,18,4,1,3468,3
2019-08-14,38,3,94,9,2,1,3467,3
2019-08-15,31,3,110,5,3,2,3471,4
2019-08-16,38,3,105,10,5,1,3470,3
2019-08-19,101,2,432,3,7,4,3471,4
2019-08-20,54,2,115,12,22,4,3473,5
2019-08-21,38,1,103,19,1,10,3473,5
2019-08-22,49,0,105,13,5,5,3473,6
2019-08-23,45,3,95,33,7,5,3473,7
2019-08-26,40,2,90,38,10,6,3474,6
2019-08-27,65,1,174,4,5,9,3476,7
2019-08-28,56,4,100,57,12,4,3477,8
2019-08-29,44,2,108,19,4,10,3476,9
2019-08-30,33,18,64,143,5,2,3478,4
2019-09-02,81,1,297,4,8,3,3479,5
2019-09-03,50,3,125,8,13,5,3481,6
2019-09-04,52,2,132,17,7,6,3480,5
2019-09-05,56,1,132,2,8,3,3481,6
2019-09-06,41,3,114,30,7,3,3480,3
2019-09-09,86,2,292,3,8,8,3480,4
2019-09-10,53,1,107,21,10,6,3478,5
2019-09-11,35,2,65,47,5,4,3478,5
2019-09-12,44,4,93,19,5,2,3479,4
2019-09-16,40,2,96,7,9,1,3481,3
2019-09-17,28,4,49,132,4,1,3484,3
2019-09-18,34,3,98,33,5,3,3483,4
2019-09-19,49,2,144,17,4,4,3481,5
2019-09-20,37,3,89,19,4,4,3509,6
2019-09-23,32,7,77,48,7,4,3509,5
2019-09-24,41,5,113,24,7,5,3510,5
2019-09-25,27,20,49,229,3,5,3512,5
2019-09-26,24,91,45,574,5,2,3509,6
2019-09-27,45,13,178,52,4,1,3511,3
2019-09-30,13,23,35,127,2,3,3516,3
2019-10-08,38,11,131,66,4,3,3519,4
2019-10-09,34,8,120,27,6,1,3518,3
2019-10-10,54,3,177,9,6,3,3519,4
2019-10-11,46,3,110,35,6,3,3522,4
2019-10-14,70,1,171,7,11,6,3523,5
2019-10-15,39,37,66,156,8,5,3524,6
2019-10-16,27,11,65,60,2,4,3524,7
2019-10-17,24,4,65,31,2,1,3523,4
2019-10-18,29,7,53,64,6,1,3524,3
2019-10-21,33,25,78,133,5,1,3521,3
2019-10-22,39,5,134,16,3,3,3523,3
2019-10-23,32,4,79,29,3,3,3524,4
2019-10-24,26,13,64,41,5,3,3525,5
2019-10-25,31,6,91,28,4,3,3526,6
2019-10-28,146,12,312,23,8,2,3529,5
2019-10-29,39,18,60,177,25,4,3530,4
2019-10-30,22,35,66,183,0,9,3527,5
2019-10-31,17,38,52,175,1,3,3528,6
2019-11-01,31,8,107,28,3,2,3526,5
2019-11-04,25,4,90,21,5,1,3528,3
2019-11-05,20,8,80,40,4,2,3530,3
2019-11-06,21,7,47,64,3,1,3526,4
2019-11-07,33,3,104,12,2,2,3531,5
2019-11-08,28,4,67,31,5,0,3532,2
2019-11-11,18,12,31,232,2,1,3534,3
2019-11-12,27,3,78,24,3,1,3535,3
2019-11-13,26,10,72,32,3,2,3532,4
2019-11-14,36,3,114,11,3,3,3534,4
2019-11-15,24,20,56,119,3,1,3533,5
2019-11-18,34,4,95,20,3,2,3536,3
2019-11-19,51,0,155,2,2,4,3536,4
2019-11-20,32,3,64,23,6,2,3535,5
2019-11-21,27,2,57,23,3,3,3536,5
2019-11-22,20,13,48,96,4,3,3537,6
2019-11-25,33,28,86,164,4,6,3539,7
2019-11-26,21,8,66,37,4,2,3540,4
2019-11-27,17,8,56,29,2,1,3539,3
2019-11-28,19,10,46,23,3,0,3536,2
2019-11-29,21,5,47,22,2,1,3539,3
2019-12-02,24,4,70,22,3,2,3536,4
2019-12-03,31,3,72,13,2,2,3537,3
2019-12-04,21,3,57,15,7,1,3533,4
2019-12-05,30,2,81,6,2,3,3535,5
2019-12-06,38,4,90,14,5,3,3534,6
2019-12-09,24,5,88,20,4,5,3533,4
2019-12-10,37,2,115,7,5,4,3531,5
2019-12-11,29,5,62,28,4,1,3533,6
2019-12-12,30,4,68,21,4,2,3534,7
2019-12-13,36,3,109,14,4,1,3538,8
2019-12-16,61,1,169,3,8,3,3542,9
2019-12-17,51,1,124,3,13,5,3541,4
2019-12-18,50,1,100,3,4,12,3541,5
2019-12-19,51,4,101,45,7,5,3541,5
2019-12-20,42,3,70,82,7,5,3540,6
2019-12-23,19,33,35,240,2,2,3543,4
2019-12-24,51,4,195,14,6,1,3547,3
2019-12-25,42,0,106,7,5,4,3544,4
2019-12-26,50,0,136,5,5,7,3543,5
2019-12-27,40,2,83,58,7,8,3547,6
2019-12-30,43,12,123,53,6,5,3554,6
2019-12-31,45,3,110,13,12,3,3556,7
2020-01-02,80,1,220,3,10,9,3555,8
2020-01-03,59,3,134,22,14,6,3556,4
2020-01-06,75,3,212,17,10,8,3565,5
2020-01-07,78,1,201,5,16,6,3569,6
2020-01-08,53,3,113,108,11,6,3568,7
2020-01-09,62,0,193,33,1,6,3567,5
2020-01-10,38,5,84,37,8,1,3566,4
2020-01-13,63,4,177,19,4,2,3565,3
2020-01-14,50,5,117,20,9,2,3569,3
2020-01-15,35,8,87,43,3,2,3567,3
2020-01-16,35,2,94,36,5,1,3567,4
2020-01-17,33,11,108,56,6,3,3573,5
2020-01-20,63,9,238,54,4,4,3578,4
2020-01-21,57,21,134,131,21,4,3578,5
2020-01-22,49,24,156,106,3,6,3580,6
2020-01-23,26,75,64,808,5,6,3580,7
2020-02-03,80,3062,115,3355,7,7,3593,6
2020-02-04,154,28,572,668,21,10,3594,7
2020-02-05,171,0,613,4,41,26,3595,8
2020-02-06,242,1,599,4,51,52,3595,9
2020-02-07,173,3,411,80,34,49,3597,10
2020-02-10,143,29,389,119,6,23,3600,8
2020-02-11,50,34,117,182,7,5,3600,7
2020-02-12,110,0,289,3,5,5,3600,8
2020-02-13,51,3,128,80,14,3,3600,8
2020-02-14,58,2,154,48,6,5,3602,9
2020-02-17,166,0,638,5,23,9,3606,10
2020-02-18,124,2,363,20,29,14,3605,11
2020-02-19,85,15,174,168,14,10,3607,6
2020-02-20,114,1,329,20,17,7,3607,5
2020-02-21,101,1,276,5,16,12,3608,6
2020-02-24,157,3,438,36,22,18,3610,7
2020-02-25,135,1,356,28,34,21,3611,8
2020-02-26,85,97,150,647,16,16,3610,6
2020-02-27,88,24,246,150,15,5,3610,7
2020-02-28,43,257,63,2123,6,4,3612,3
2020-03-02,200,0,1089,6,11,5,3611,4
2020-03-03,97,0,271,9,35,8,3611,5
2020-03-04,86,2,246,56,8,19,3609,6
2020-03-05,143,0,332,17,20,16,3611,7
2020-03-06,97,1,174,79,13,17,3612,8
2020-03-09,80,75,123,1052,19,17,3612,8
2020-03-10,123,22,564,94,8,9,3612,9
2020-03-11,74,8,138,136,22,14,3610,10
2020-03-12,53,17,111,238,9,13,3609,10
2020-03-13,62,24,143,173,6,6,3610,5
2020-03-16,41,163,81,1250,12,3,3613,6
2020-03-17,67,18,194,146,9,5,3613,3
2020-03-18,45,9,92,217,10,5,3613,4
2020-03-19,69,19,233,84,9,6,3615,5
2020-03-20,91,6,281,47,7,6,3618,4
2020-03-23,42,129,62,1188,8,5,3624,5
2020-03-24,73,16,301,65,6,0,3623,2
2020-03-25,98,3,383,11,10,4,3622,3
2020-03-26,47,16,114,143,9,2,3624,3
2020-03-27,40,11,97,100,5,0,3625,2
2020-03-30,33,28,87,515,5,2,3624,3
2020-03-31,62,8,210,81,6,2,3623,4
2020-04-01,33,15,86,128,6,2,3623,3
2020-04-02,88,4,369,13,6,5,3623,4
2020-04-03,58,3,121,43,7,6,3623,5
2020-04-07,140,2,516,2,20,12,3624,6
2020-04-08,74,5,156,57,15,10,3625,5
2020-04-09,91,7,228,34,8,13,3624,5
2020-04-10,31,35,60,454,3,5,3626,4
2020-04-13,46,25,116,177,6,1,3632,3
2020-04-14,70,1,233,11,7,2,3634,4
2020-04-15,49,3,117,60,8,3,3630,5
2020-04-16,71,3,168,35,12,5,3634,4
2020-04-17,46,2,143,58,6,3,3636,4
2020-04-20,74,2,231,16,10,5,3638,5
2020-04-21,54,4,108,36,10,5,3639,6
2020-04-22,86,6,204,24,9,6,3638,7
2020-04-23,68,8,135,70,11,7,3638,5
2020-04-24,30,36,71,322,3,6,3637,5
2020-04-27,42,49,117,200,4,1,3636,5
2020-04-28,31,54,106,535,6,1,3626,3
2020-04-29,41,26,145,147,5,2,3610,3
2020-04-30,77,10,438,37,5,6,3583,4
2020-05-06,85,11,329,18,14,6,3579,5
2020-05-07,42,7,110,38,8,4,3582,3
2020-05-08,61,4,163,14,2,2,3585,3
2020-05-11,46,3,130,26,5,2,3586,4
2020-05-12,42,4,110,25,7,3,3588,5
2020-05-13,63,4,168,19,7,4,3589,6
2020-05-14,39,2,85,33,6,6,3591,7
2020-05-15,50,5,126,20,5,5,3592,8
2020-05-18,59,21,148,175,9,7,3590,5
2020-05-19,67,5,224,14,9,7,3589,6
2020-05-20,58,13,114,93,8,10,3591,7
2020-05-21,56,13,96,198,11,4,3590,6
2020-05-22,37,25,74,208,3,9,3593,7
2020-05-25,45,21,140,128,5,3,3593,6
2020-05-26,97,5,350,10,11,6,3594,7
2020-05-27,58,6,147,50,10,8,3588,8
2020-05-28,45,14,100,73,5,8,3591,9
2020-05-29,64,7,226,28,9,4,3590,8
2020-06-01,126,3,464,8,13,10,3587,9
2020-06-02,76,9,158,74,15,10,3589,10
2020-06-03,78,4,162,27,7,14,3591,8
2020-06-04,67,7,180,44,14,12,3592,6
2020-06-05,50,22,136,83,8,9,3592,5
2020-06-08,34,23,120,110,4,2,3602,3
2020-06-09,50,11,143,33,8,3,3603,4
2020-06-10,35,6,113,36,4,3,3601,4
2020-06-11,44,5,116,38,2,4,3601,4
2020-06-12,52,7,147,29,12,3,3599,5
2020-06-15,66,10,177,94,8,4,3603,5
2020-06-16,67,5,274,10,9,5,3607,4
2020-06-17,62,8,185,39,7,8,3606,5
2020-06-18,49,21,128,106,5,4,3607,6
2020-06-19,55,8,150,28,8,2,3607,7
2020-06-22,45,9,154,50,5,1,3609,3
2020-06-23,44,7,149,32,6,1,3608,3
2020-06-24,34,9,123,51,3,3,3604,4
2020-06-29,44,15,134,93,6,2,3609,4
2020-06-30,79,4,268,15,10,5,3604,4
2020-07-01,58,9,199,38,11,4,3605,4
2020-07-02,78,5,272,21,9,7,3605,5
2020-07-03,84,5,262,23,18,8,3605,6
2020-07-06,197,3,955,5,27,21,3608,7
2020-07-07,119,4,313,20,24,15,3607,8
2020-07-08,151,1,459,6,11,18,3609,9
2020-07-09,184,0,576,1,36,20,3609,10
2020-07-10,123,3,276,138,25,20,3610,9
2020-07-13,216,2,779,15,25,12,3610,8
2020-07-14,105,21,248,256,30,12,3613,9
2020-07-15,67,75,142,796,7,12,3610,10
2020-07-16,21,195,38,1458,2,4,3611,4
2020-07-17,53,30,224,140,2,3,3614,5
2020-07-20,148,6,838,25,12,2,3614,5
2020-07-21,83,12,252,50,8,3,3618,6
2020-07-22,69,4,222,18,13,6,3617,4
2020-07-23,66,2,193,43,10,9,3619,5
2020-07-24,34,82,57,1369,6,4,3621,6
2020-07-27,65,18,216,128,7,1,3623,3
2020-07-28,59,8,238,41,9,2,3621,3
2020-07-29,108,1,399,1,8,7,3623,4
2020-07-30,91,3,202,30,19,6,3623,5
2020-07-31,112,0,281,9,14,14,3624,6
2020-08-03,212,0,644,3,29,18,3627,7
2020-08-04,82,21,169,143,23,11,3629,7
2020-08-05,116,2,301,30,7,12,3630,8
2020-08-06,89,8,196,81,22,10,3630,6
2020-08-07,61,12,128,164,8,9,3630,5
2020-08-10,94,14,273,129,15,6,3637,6
2020-08-11,40,18,96,270,8,4,3635,4
2020-08-12,50,24,148,213,6,4,3635,5
2020-08-13,71,10,202,62,11,3,3636,4
2020-08-14,45,22,159,63,3,3,3637,4
2020-08-17,101,4,325,20,12,3,3639,5
2020-08-18,88,3,240,17,15,6,3640,5
2020-08-19,53,12,104,253,6,4,3639,6
2020-08-20,34,20,75,193,8,1,3639,3
2020-08-21,51,7,179,51,2,4,3640,3
2020-08-24,44,12,201,47,11,2,3640,4
2020-08-25,35,8,187,93,4,3,3639,5
2020-08-26,22,18,77,394,3,2,3639,6
2020-08-27,32,7,286,45,4,1,3639,7
2020-08-28,37,7,219,71,3,1,3640,3
2020-08-31,44,5,170,37,3,2,3646,3
2020-09-01,37,7,185,26,8,0,3646,2
2020-09-02,37,3,242,28,4,1,3647,3
2020-09-03,26,7,95,142,7,1,3647,3
2020-09-04,27,9,150,64,4,2,3644,3
2020-09-07,31,14,139,238,6,4,3650,4
2020-09-08,47,9,283,72,6,5,3655,5
2020-09-09,30,20,66,759,6,2,3649,4
2020-09-10,16,76,42,966,2,0,3651,2
2020-09-11,33,6,306,60,1,0,3653,2
2020-09-14,49,6,446,20,6,1,3655,3
2020-09-15,28,3,167,43,2,0,3660,2
2020-09-16,15,4,76,53,2,0,3659,2
2020-09-17,25,4,150,36,2,1,3661,3
2020-09-18,43,1,203,32,3,2,3668,4
2020-09-21,21,7,114,32,0,2,3675,4
2020-09-22,12,7,57,112,4,2,3679,5
2020-09-23,31,4,160,26,3,4,3676,6
2020-09-24,10,7,23,336,3,2,3677,4
2020-09-25,17,23,60,93,1,0,3681,2
2020-09-28,9,27,55,205,1,0,3679,2
2020-09-29,22,13,163,52,1,0,3686,2
2020-09-30,13,4,77,44,1,1,3685,3
2020-10-09,76,2,568,8,5,2,3699,4
2020-10-12,62,2,538,8,8,3,3703,5
2020-10-13,30,0,150,19,4,1,3707,6
2020-10-14,27,5,104,57,0,1,3706,3
2020-10-15,20,9,94,143,3,0,3706,2
2020-10-16,16,3,106,52,1,1,3710,3
2020-10-19,17,5,89,91,1,0,3719,2
2020-10-20,23,0,143,15,2,0,3721,2
2020-10-21,12,7,57,160,1,1,3720,3
2020-10-22,12,3,81,61,1,0,3722,2
2020-10-23,11,6,47,213,1,0,3741,2
2020-10-26,16,5,150,48,1,1,3742,3
2020-10-27,14,4,110,70,0,0,3747,1
2020-10-28,27,5,150,65,3,0,3747,2
2020-10-29,23,8,133,122,3,2,3748,3
2020-10-30,8,18,50,599,1,1,3750,4
2020-11-02,36,13,233,112,1,0,3760,2
2020-11-03,40,0,337,11,3,0,3759,2
2020-11-04,26,3,113,58,4,0,3759,2
2020-11-05,50,3,293,15,3,3,3760,3
2020-11-06,18,2,68,204,4,2,3761,4
2020-11-09,54,3,375,6,4,4,3774,5
2020-11-10,24,9,100,190,3,3,3777,4
2020-11-11,27,9,66,252,3,3,3777,5
2020-11-12,41,5,137,61,10,2,3778,6
2020-11-13,26,14,97,59,4,2,3776,3
2020-11-16,48,2,261,38,3,3,3786,4
2020-11-17,24,10,82,136,5,2,3789,5
2020-11-18,27,5,136,57,3,3,3790,6
2020-11-19,34,8,158,63,2,3,3789,7
2020-11-20,45,6,162,28,6,3,3794,4
2020-11-23,44,4,169,35,9,4,3804,5
2020-11-24,31,5,116,47,3,3,3806,3
2020-11-25,29,18,59,170,5,2,3806,4
2020-11-26,22,15,87,94,2,1,3809,3
2020-11-27,25,8,97,63,4,2,3815,4
2020-11-30,26,8,100,57,4,2,3818,4
2020-12-01,42,5,216,13,4,4,3819,5
2020-12-02,45,6,130,46,9,8,3815,6
2020-12-03,42,9,97,82,5,9,3816,7
2020-12-04,34,13,124,39,5,1,3816,3
2020-12-07,32,8,87,51,1,2,3813,3
2020-12-08,30,13,108,44,4,1,3816,4
2020-12-09,31,13,59,195,4,3,3816,3
2020-12-10,27,17,118,69,2,2,3816,4
2020-12-11,19,19,59,208,3,3,3817,5
2020-12-14,44,18,217,76,4,3,3821,6
2020-12-15,28,14,108,69,6,2,3823,6
2020-12-16,23,22,88,179,3,3,3825,7
2020-12-17,43,9,187,36,3,3,3824,8
2020-12-18,35,7,118,64,4,2,3826,9
2020-12-21,51,6,249,19,6,3,3831,10
2020-12-22,36,11,99,330,7,3,3829,11
2020-12-23,50,7,200,43,7,5,3830,4
2020-12-24,35,36,95,338,6,5,3829,5
2020-12-25,71,15,262,59,10,7,3831,6
2020-12-28,60,18,148,196,8,10,3837,7
2020-12-29,58,51,163,307,12,3,3843,4
2020-12-30,62,5,190,25,5,6,3842,5
2020-12-31,58,5,253,23,11,5,3842,4
